<?xml version="1.0" encoding="UTF-8"?>
<modification>
  <id>Og Checkout</id>
  <name>Og Checkout</name>
  <code>ogcheckout</code>
  <version>1.0</version>
  <author>Oneglobal</author>
  <link>http://www.oneglobal.com</link>
	<file path="catalog/view/theme/default/template/common/header.tpl">
		<operation>
			<search>
				<![CDATA[<link href="catalog/view/theme/default/stylesheet/stylesheet.css" rel="stylesheet">]]>
			</search>
			<add position="after">
			<![CDATA[<link href="catalog/view/theme/default/stylesheet/ogcheckout.css" rel="stylesheet" type="text/css" />]]>
			</add>
		</operation>
	</file>  
	<file path="admin/model/sale/order.php">
		<operation>
			<search>
				<![CDATA['date_modified'           => $order_query->row['date_modified']]]>
			</search>
			<add position="replace">
			<![CDATA[
			'date_modified'           => $order_query->row['date_modified'],
			'track_id'           => $order_query->row['track_id']
			]]>
			</add>
		</operation>
	</file>
	<file path="admin/controller/sale/order.php">
		<operation>
			<search regex="false">
				<![CDATA[$data['payment_method'] = $order_info['payment_method'];]]>
			</search>
			<add position="replace">
			<![CDATA[
			if(isset($order_info['track_id'])){
			   $data['payment_method'] = $order_info['payment_method']." - ".$order_info['track_id'];
			}else{
			   $data['payment_method'] = $order_info['payment_method'];
			}
			]]>
			</add>
		</operation>
	</file>		
</modification>
